Company Name,Year,Revenue,COS,A/R,A/P,Inventory,NI,CA,#NAME?,CL,GOI,ROA,CR,QR,RD,PD,ID,CCC,Size=Logarithm of assets,ID,t,net profit margin,Mean,Ind Avg.,gross profit margin,Mean,Ind. Avg.,ROA,Mean,Ind. Avg.
ALHAZTEX,2013,"151,395,648","99,537,631",6323441,28153909,78169802,"27,845,731",151158347,336738257,62855628,51.86,0.08,2.4,1.16,15.04,101.82,282.72,195.93,19.634817,1,1,18.39268955,,,0.342533074,,,0.082692509,,
ALHAZTEX,2014,"335,775,380","287,082,296",4754526,27369216,82919799,"12,415,077",176033259,343859594,60371924,48.69,0.04,2.92,1.54,5.1,34.32,103.98,74.76,19.655744,1,2,3.697435283,,,0.145016838,,,0.036105078,,
ALHAZTEX,2015,"335,365,990","281,129,580",3424487,22111694,110192673,"22,544,371",223242327,381231327,59383867,54.24,0.06,3.76,1.9,3.68,28.32,141.11,116.47,19.758917,1,3,6.722318802,,,0.161723048,,,0.059135673,,
ALHAZTEX,2016,"288,527,739","250,535,498",1888493,102520390,104829428,"21,359,682",345957606,486211995,143408083,37.99,0.04,2.41,1.68,2.36,147.31,150.63,5.67,20.002155,1,4,7.402990809,,,0.131676216,,,0.0439308,,
ALHAZTEX,2017,"266,644,659","232,965,776",1888493,95551678,140074620,"20,769,687",376701066,504544985,138856335,33.68,0.04,2.71,1.7,2.55,147.66,216.46,71.35,20.039168,1,5,7.789275464,8.800941981,6.308162646,0.126306235,0.181451082,0.177584208,0.041165184,0.052605849,0.039528027
ALLTEX,2013,"2,414,318,338","1,989,580,948",218222754,916662593,617806703,"4,925,545",1247157977,2682483510,1495212201,424.74,0,0.83,0.42,32.54,165.86,111.79,-21.54,21.710009,2,1,0.2040139,,,0.175924352,,,0.001836188,,
ALLTEX,2014,"2,171,832,481","1,769,262,377",255514493,326186050,633845318,"-5,415,107",1214937249,2596681758,1453727515,402.57,0,0.84,0.4,42.35,66.37,128.97,104.95,21.6775,2,2,-0.249333549,,,0.185359648,,,-0.002085395,,
ALLTEX,2015,"2,161,644,658","1,826,454,710",292024000,307162000,885223000,"-60,619,976",1415367000,2737757000,1912151000,335.19,-0.02,0.74,0.28,48.63,60.54,174.48,162.57,21.730405,2,3,-2.804345098,,,0.155062464,,,-0.022142205,,
ALLTEX,2016,"2,235,964,956","1,885,297,598",244857805,98257870,1087926119,"122,674,490",1624841954,2891267606,2074742324,350.67,0.04,0.78,0.26,39.42,18.76,207.74,228.4,21.784961,2,4,5.486422749,,,0.156830436,,,0.04242931,,
ALLTEX,2017,"1,521,894,079","1,285,074,003",314657900,0,1053447402,"64,399,114",1569509974,4000508841,1931094026,236.82,0.02,0.81,0.27,74.43,0,295.11,369.54,22.109687,2,5,4.231510911,1.373653783,6.308162646,0.155608777,0.165757135,,0.016097731,0.007227126,
ANLIMA YARN,2013,"238,862,215","165,361,572",58997614,5966858,72618415,"20,820,598",136575395,565000897,329044783,73.5,0.04,0.42,0.19,88.92,12.99,158.09,234.02,20.152338,3,1,8.716572439,,,0.307711469,,,0.036850557,,
ANLIMA YARN,2014,"239,971,275","163,864,712",68998614,9017148,67973279,"21,344,753",141345829,548859869,314173121,76.11,0.04,0.45,0.23,103.51,19.81,149.33,233.03,20.123354,3,2,8.894711669,,,0.317148638,,,0.038889258,,
ANLIMA YARN,2015,"242,672,593","190,350,836",52653626,11797532,62129673,"24,258,788",116133799,499466410,273362310,52.32,0.05,0.42,0.2,78.11,22.31,117.5,173.3,20.029051,3,3,9.996509165,,,0.215606371,,,0.048569408,,
ANLIMA YARN,2016,"229,869,503","181,650,088",35853512,7777785,56042841,"18,634,169",92745320,456869052,237837331,48.22,0.04,0.39,0.15,56.15,15.41,111.07,151.8,19.939907,3,4,8.106412011,,,0.209768649,,,0.040786674,,
ANLIMA YARN,2017,"228,739,935","183,537,272",50094371,10808664,42331408,"19,536,511",93904343,436907067,219778075,45.2,0.04,0.43,0.23,78.84,21.2,83.03,140.67,19.895231,3,5,8.540927058,8.851026468,6.308162646,0.197615965,0.249570218,,0.044715484,0.041962276,
APEXSPINN,2013,"2,231,013,380","2,000,422,613","220,273,158","523,229,412","263,164,972","13,528,325","730,506,118","1,070,253,704","663,730,623",230.59,0.01,1.1,0.7,35.54,94.16,47.36,-11.26,20.791162,4,1,0.60637579,,,0.103356963,,,0.012640297,,
APEXSPINN,2014,"2,524,441,094","2,268,899,108","302,970,716","512,193,764","183,499,376","16,827,308","747,510,452","1,048,472,626","634,442,338",255.54,0.02,1.18,0.89,43.21,81.27,29.12,-8.95,20.7706,4,2,0.666575585,,,0.101227153,,,0.016049354,,
APEXSPINN,2015,"2,445,605,553","2,237,695,155","281,068,866","553,551,150","185,096,657","18,487,401","861,399,042","1,181,591,830","766,092,191",207.91,0.02,1.12,0.88,41.37,89.06,29.78,-17.9,20.890128,4,3,0.755943696,,,0.085013872,,,0.015646182,,
APEXSPINN,2016,"2,511,696,289","2,293,499,979","336,933,164","574,250,309","195,968,761","18,796,121","841,180,582","1,136,263,056","717,133,297",218.2,0.02,1.17,0.9,48.29,90.14,30.76,-11.08,20.851011,4,4,0.748343702,,,0.086872092,,,0.016542051,,
APEXSPINN,2017,"2,511,696,289","2,290,499,979","336,933,164","574,250,309","195,968,761","18,796,121","841,180,582","1,136,263,056","717,133,297",221.2,0.02,1.17,0.9,48.29,90.26,30.8,-11.16,20.851011,4,5,0.748343702,0.705116495,,0.088066503,0.092907317,,0.016542051,0.015483987,
DELTA SPINN,2013,"1,340,031,168","996,761,591","80,578,193","1,154,867","678,427,351","31,961,055","965,037,317","2,070,658,903","517,711,885",343.27,0.02,1.86,0.55,21.65,0.42,245.03,266.26,21.451133,5,1,2.385097882,,,0.256165368,,,0.01543521,,
DELTA SPINN,2014,"1,451,818,503","1,213,979,924","93,675,018","664,807","810,714,039","29,706,777","1,039,603,674","2,614,356,074","697,440,254",237.84,0.01,1.49,0.33,23.23,0.2,240.41,263.44,21.684284,5,2,2.046177049,,,0.163821152,,,0.011362942,,
DELTA SPINN,2015,"1,665,803,050","1,396,102,838","63,775,010",0,"1,377,298,000","92,864,715","1,377,298,000","2,860,528,000","936,243,000",269.7,0.03,1.47,0,13.78,0,355.15,368.93,21.774272,5,3,5.574771579,,,0.161904021,,,0.032464187,,
DELTA SPINN,2016,"1,663,987,165","1,394,570,636","459,400,078","1,477,130","934,052,988","65,004,658","1,619,096,084","2,961,057,960","924,475,384",269.42,0.02,1.75,0.74,99.39,0.38,241.12,340.13,21.808812,5,4,3.906560061,,,0.161910221,,,0.021953187,,
DELTA SPINN,2017,"1,348,800,252","1,148,434,114","487,551,443","5,046,376","914,688,413","72,149,112","2,226,032,759","3,570,039,437","758,441,514",200.37,0.02,2.94,1.73,130.13,1.58,286.73,415.28,21.995842,5,5,5.349132453,3.852347805,,0.148551379,0.178470428,,0.020209612,0.020285028,
DSHGARME,2013,"258,981,091","242,819,613","5,099,069","2,746,220","5,342,356","1,048,039","36,908,370","122,307,243","83,261,021",16.16,0.01,0.44,0.38,7.09,4.07,7.92,10.94,18.622047,6,1,0.404677807,,,0.062404085,,,0.008568904,,
DSHGARME,2014,"241,522,863","226,426,504","4,099,000","2,893,373","5,009,193","2,414,396","52,777,840","155,197,304","114,726,206",15.1,0.02,0.46,0.42,6.11,4.6,7.96,9.47,18.860208,6,2,0.999655258,,,0.062504886,,,0.015556945,,
DSHGARME,2015,"258,210,120","240,047,747","5,099,400","3,367,023","15,979,546","2,962,872","78,287,586","177,322,104","136,247,133",18.16,0.02,0.57,0.46,7.11,5.05,23.96,26.02,18.993478,6,3,1.147465483,,,0.070339509,,,0.016708983,,
DSHGARME,2016,"261,137,471","240,293,626","3,099,400","237,960","56,454,377","3,553,128","116,720,380","214,121,533","172,863,434",20.84,0.02,0.68,0.35,4.27,0.36,84.58,88.49,19.182054,6,4,1.360635066,,,0.079819433,,,0.016593978,,
DSHGARME,2017,"437,540,598","402,909,260","3,099,411","3,344,751","58,538,013","8,370,786","160,499,880","260,106,253","210,477,368",34.63,0.03,0.76,0.48,2.55,2.99,52.3,51.87,19.376601,6,5,1.913144983,1.165115719,,0.079149999,0.070843582,,0.032182179,0.017922198,
DULAMIACOT,2013,"392,380,687","391,206,039",61200000,82846000,141551267,"-15,156,025",424475599,589032203,412048786,1.17,-0.03,1.03,0.69,56.15,76.24,130.26,110.17,20.193991,7,1,-3.862581799,,,0.002993644,,,-0.025730384,,
DULAMIACOT,2014,"338,735,075","385,368,579",7021727,381932564,27790788,"-63,907,000",133050333,572510912,381932564,-46.63,-0.11,0.35,0.28,7.46,356.79,25.96,-323.37,20.165542,7,2,-18.86636629,,,-0.137669546,,,-0.11162582,,
DULAMIACOT,2015,"303,950,953","299,182,835",4773000,290253000,25395000,"-8,115,000",54899000,302965000,373099000,4.77,-0.03,0.15,0.08,5.65,349.25,30.56,-313.04,19.529128,7,3,-2.669838643,,,0.01568713,,,-0.026785272,,
DULAMIACOT,2016,"230,937,869","243,693,752",49687938,376031270,333757094,"-31,359,822",509445032,642642265,376031270,-12.76,-0.05,1.35,0.47,77.46,555.5,493.05,15.01,20.281099,7,4,-13.57933289,,,-0.055235129,,,-0.048798256,,
DULAMIACOT,2017,"243,566,107","243,343,503",2170243,170740446,59279862,"-18,871,462",61450105,686114099,538705917,0.22,-0.03,0.11,0,3.21,252.59,87.7,-161.69,20.346554,7,5,-7.74798359,-9.345220642,,0.000913937,-0.034661993,,-0.027504845,-0.048088916,
MITHUNKNIT,2013,"761,160,596","672,147,862","245,222,550","293,809,200","138,390,286","28,813,725","489,416,955","552,468,360","403,991,328",89.01,0.05,1.21,0.87,115.98,157.36,74.12,32.74,20.129907,8,1,3.78549877,,,0.116943434,,,0.052154525,,
MITHUNKNIT,2014,"1,109,452,966","938,847,153","268,453,906","23,090,014","131,338,603","70,044,757","513,637,636","603,882,460","259,494,298",170.61,0.12,1.98,1.47,87.11,8.85,50.36,128.62,20.21889,8,2,6.313449884,,,0.153774714,,,0.115990713,,
MITHUNKNIT,2015,"219,387,671","190,783,546","379,956,465","265,144,113","175,530,858","10,302,723","683,481,595","768,863,423","371,163,328",28.6,0.01,1.84,1.37,623.48,500.32,331.22,454.39,20.460424,8,3,4.696126703,,,0.130381643,,,0.013399939,,
MITHUNKNIT,2016,"1,030,093,557","888,421,929","333,313,193","22,651,927","153,743,371","58,156,006","572,574,804","682,925,373","211,015,201",141.67,0.09,2.71,1.98,116.49,9.18,62.3,169.61,20.341896,8,4,5.645701364,,,0.137532778,,,0.08515719,,
MITHUNKNIT,2017,"824,947,670","704,670,648","355,589,228","19,794,965","190,959,223","44,981,953","642,285,757","746,567,934","231,164,945",120.28,0.06,2.78,1.95,155.18,10.11,97.56,242.62,20.430997,8,5,5.452703806,5.178696105,,0.145799578,0.136886429,,0.060251654,0.065390804,
PRIMETEX,2013,1947342997,1695426860,138484116,287848629,596728610,69325849,895592240,3544715988,951866626,251.92,0.02,0.94,0.31,25.6,61.12,126.71,91.19,21.988724,9,1,3.560022508,,,0.12936403,,,0.019557519,,
PRIMETEX,2014,1539035341,1322151760,423846398,531769233,598960010,38583615,1153071764,3719777010,1292604357,216.88,0.01,0.89,0.43,99.14,144.79,163.09,117.44,22.03693,9,2,2.506999935,,,0.140921768,,,0.010372561,,
PRIMETEX,2015,2018667255,1750483379,558176434,590139255,383036413,46236895,1094694875,3606985808,1340231558,268.18,0.01,0.82,0.53,99.54,121.37,78.77,56.95,22.006138,9,3,2.29046639,,,0.132851947,,,0.012818707,,
PRIMETEX,2016,2021190727,1736627891,576567746,173456569,378032995,44511016,1130126894,3610133231,1449431502,284.56,0.01,0.78,0.52,102.69,35.96,78.37,145.1,22.007011,9,4,2.202217505,,,0.1407897,,,0.012329466,,
PRIMETEX,2017,1714839326,1472545478,530140167,104499849,272451799,41185073,1003424510,3428382195,1335111240,242.29,0.01,0.75,0.55,111.29,25.55,66.61,152.35,21.955354,9,5,2.40168699,2.592278666,,0.141292449,0.137043979,,0.012012976,0.013418246,
RAHIMTEXT,2013,"409,222,369","292,571,117","86,154,875","69,557,629","46,923,572","7,652,213","170,401,594","686,274,124","230,220,197",116.65,0.01,0.74,0.54,75.79,85.59,57.74,47.94,20.346788,10,1,1.869940057,,,0.285055903,,,0.011150374,,
RAHIMTEXT,2014,"470,214,354","402,062,815","98,110,306","96,117,304","45,831,225","4,418,178","177,365,885","644,672,237","333,526,959",68.15,0.01,0.53,0.39,75.11,86.06,41.04,30.09,20.284253,10,2,0.939609343,,,0.144937173,,,0.006853371,,
RAHIMTEXT,2015,"572,483,346","489,388,934","65,544,142","91,517,701","44,292,544","12,794,642","139,417,711","571,725,778","294,316,418",83.09,0.02,0.47,0.32,41.22,67.32,32.58,6.48,20.16417,10,3,2.234936979,,,0.1451473,,,0.022378984,,
RAHIMTEXT,2016,"575,292,598","505,082,052","124,555,295","98,454,458","68,283,198","23,180,100","224,802,259","710,653,634","416,827,804",70.21,0.03,0.54,0.38,77.94,70.17,48.67,56.44,20.381696,10,4,4.02927138,,,0.122043194,,,0.032618,,
RAHIMTEXT,2017,"598,621,652","506,311,834","86,527,620","140,205,094","49,008,794","23,564,710","175,853,303","624,344,001","327,935,447",92.31,0.04,0.54,0.39,52.04,99.69,34.85,-12.81,20.252212,10,5,3.936494766,2.602050505,,0.154203941,0.170277502,,0.037743151,0.022148776,
ALIF MANUFAC,2013,"513,181,307","398,554,891","56,437,765","15,000,042","152,830,922","104,718,512","549,803,996","1,644,094,569","151,492,454",114.63,0.06,3.63,2.62,39.59,13.55,138.05,164.09,21.220456,11,1,20.4057534,,,0.223364364,,,0.063693728,,
ALIF MANUFAC,2014,"636,714,644","500,444,211","26,891,535","10,988,276","122,843,700","99,250,341","161,348,174","1,758,942,125","167,256,881",136.27,0.06,0.96,0.23,15.2,7.9,88.37,95.67,21.287978,11,2,15.58788414,,,0.214021201,,,0.056426155,,
ALIF MANUFAC,2015,"718,041,067","544,823,374","82,829,313","12,099,326","167,765,388","115,130,466","254,750,197","1,848,369,463","141,598,807",173.22,0.06,1.8,0.61,41.53,7.99,110.85,144.39,21.33757,11,3,16.03396676,,,0.241236471,,,0.062287583,,
ALIF MANUFAC,2016,"668,306,043","390,099,092","209,970,124","15,606,990","199,904,333","198,287,421","474,568,005","2,009,887,119","105,626,795",278.21,0.1,4.49,2.6,113.11,14.4,184.48,283.18,21.421344,11,4,29.67015233,,,0.416286751,,,0.098655999,,
ALIF MANUFAC,2017,"687,563,854","400,316,475","288,930,614","21,752,497","178,821,418","210,521,682","704,814,474","2,269,519,516","121,269,055",287.25,0.09,5.81,4.34,151.28,19.56,160.81,292.53,21.542834,11,5,30.61849176,22.46324968,,0.417775567,0.302536871,,0.092760463,0.074764786,
ARGON DENIM,2013,"1,588,441,173","1,179,822,841","579,837,797","2,028,718","419,961,303","135,923,071","1,039,335,230","1,909,544,255","995,718,525",408.62,0.07,1.04,0.62,131.41,0.62,128.14,258.94,21.37013,12,1,8.557010062,,,0.257244863,,,0.071180896,,
ARGON DENIM,2014,"2,171,292,501","1,710,290,376","1,244,651,971","2,000,000","680,878,255","226,839,436","2,048,762,103","3,832,899,539","1,714,881,618",461,0.06,1.19,0.8,206.36,0.42,143.32,349.26,22.066887,12,2,10.44720764,,,0.212316915,,,0.059182202,,
ARGON DENIM,2015,"2,521,265,296","1,944,056,467","1,418,276,421","2,100,890","821,196,663","298,411,465","2,394,742,650","4,065,681,263","1,716,320,278",577.21,0.07,1.4,0.92,202.51,0.39,152.07,354.19,22.125847,12,3,11.83578204,,,0.228936173,,,0.073397654,,
ARGON DENIM,2016,"4,077,118,834","3,157,806,585","1,726,962,540","1,768,900","891,390,575","436,081,786","2,922,055,293","4,521,407,940","1,714,064,475",919.31,0.1,1.7,1.18,152.49,0.2,101.62,253.91,22.232089,12,4,10.69583212,,,0.225480857,,,0.096448228,,
ARGON DENIM,2017,"2,847,715,899","2,217,049,475","1,805,868,733","1,675,980","591,043,000","349,729,414","3,087,924,755","4,618,239,665","1,537,646,995",630.67,0.08,2.01,1.62,228.29,0.27,95.97,323.99,22.253279,12,5,12.28105002,10.76337638,,0.221463954,0.229088553,,0.075727862,0.075187368,
CNA TEX,2013,"1,652,546,716","1,299,845,397","379,211,351","111,187,527","288,282,575","255,826,467","696,477,740","2,409,407,839","753,091,849",352.7,0.11,0.92,0.54,82.61,30.79,79.84,131.66,21.602647,13,1,15.48074039,,,0.213428955,,,0.10617815,,
CNA TEX,2014,"2,125,023,853","1,615,932,618","458,709,137","25,415,270","479,319,533","351,358,012","1,044,262,957","3,019,578,340","249,526,104",509.09,0.12,4.18,2.26,77.71,5.66,106.78,178.83,21.828383,13,2,16.53430909,,,0.239569657,,,0.116359959,,
CNA TEX,2015,"2,775,756,460","2,139,546,396","576,032,981","12,355,109","642,998,290","454,790,911","1,502,255,985","3,627,468,910","171,310,856",636.21,0.13,8.77,5.02,74.71,2.08,108.19,180.82,22.011801,13,3,16.3843953,,,0.229202408,,,0.125374172,,
CNA TEX,2016,"2,283,545,840","1,864,745,774","682,364,320","5,725,718","683,650,508","246,997,036","1,754,505,892","3,819,967,882","118,854,588",418.8,0.06,14.76,9.01,107.57,1.11,131.98,238.45,22.063508,13,4,10.81638177,,,0.183399019,,,0.064659454,,
DACCADYE,2013,"865,921,216","520,721,340","382,657,712","109,426,729","408,931,379","81,191,490","1,017,761,530","3,324,025,209","721,734,580",345.2,0.02,1.41,0.84,159.09,75.65,282.71,366.15,21.924442,14,1,9.376313745,,,0.398650443,,,0.024425654,,
DACCADYE,2014,"941,162,866","567,175,558","409,235,014","74,228,997","412,081,740","70,511,114","1,091,851,603","3,344,252,656","709,464,822",373.99,0.02,1.54,0.96,156.53,47.11,261.56,370.98,21.930509,14,2,7.491914157,,,0.397367259,,,0.021084266,,
DACCADYE,2015,"904,735,551","563,417,147","440,593,666","182,523,500","444,726,069","66,587,164","1,190,019,594","3,551,221,184","876,688,188",341.32,0.02,1.36,0.85,175.32,116.62,284.16,342.85,21.990557,14,3,7.359848292,,,0.377257646,,,0.018750498,,
DACCADYE,2016,"950,503,414","584,053,373","419,794,112","355,876,063","459,742,456","73,539,712","1,171,288,210","3,771,472,459","1,041,427,052",366.45,0.02,1.12,0.68,159,219.36,283.38,223.02,22.050731,14,4,7.736922447,,,0.385532588,,,0.019498939,,
DACCADYE,2017,"321,911,988","347,701,874","511,880,755","663,992,590","344,559,221","-177,451,640","1,213,130,681","4,007,296,696","1,515,855,142",-25.79,-0.04,0.8,0.57,572.45,687.48,356.75,241.71,22.111383,14,5,-55.12427204,-4.63185468,,-0.080114711,0.295738645,,-0.044282132,0.007895445,
DSSL,2013,"758,931,300","555,591,719","643,662,483","6,750,672","215,738,697","81,991,796","1,043,921,788","1,648,699,934","146,948,711",203.34,0.05,7.1,5.64,305.32,4.37,139.79,440.74,21.223253,15,1,10.80358604,,,0.267928838,,,0.049731182,,
DSSL,2014,"766,817,162","558,661,531","573,779,387","6,307,567","204,386,632","89,082,663","1,012,229,334","1,624,829,957","83,557,771",208.16,0.05,12.11,9.67,269.37,4.06,131.71,397.02,21.208669,15,2,11.61719735,,,0.271454059,,,0.054825837,,
DSSL,2015,"1,230,480,751","891,537,051","710,222,892",6758900,"241,233,203","159,052,581","1,244,502,919","2,140,558,626","84,984,305",338.94,0.07,14.64,11.81,207.79,2.73,97.41,302.47,21.484333,15,3,12.92605194,,,0.27545632,,,0.07430424,,
DSSL,2016,"1,015,339,175","731,743,102","851,093,907","7,315,960","345,337,738","145,578,044","1,348,062,698","2,278,920,201","91,875,339",283.6,0.06,14.67,10.91,301.76,3.6,169.9,468.06,21.546968,15,4,14.33787325,,,0.279311663,,,0.063880273,,
ENVOY TEX,2013,"3,983,610,866","3,109,944,679","1,052,840,269","2,011,589,300","681,629,585","435,542,578","2,474,208,172","8,901,336,893","2,796,878,943",873.67,0.05,0.88,0.64,95.15,232.86,78.9,-58.81,22.909467,16,1,10.93336153,,,0.219315143,,,0.048930018,,
ENVOY TEX,2014,"4,391,171,642","3,620,820,176","1,394,634,113","810,282,016","983,462,632","310,925,062","3,183,855,504","10,262,555,483","3,669,838,165",770.35,0.03,0.87,0.6,114.34,80.56,97.78,131.55,23.051768,16,2,7.080685688,,,0.175431873,,,0.030297041,,
ENVOY TEX,2015,"5,479,121,542","4,309,791,359","1,570,830,462","836,176,370","1,387,898,731","571,241,595","3,887,033,787","11,730,308,055","3,915,954,298",1169.33,0.05,0.99,0.64,103.21,69.85,115.93,149.3,23.185442,16,3,10.42578798,,,0.213415631,,,0.048697919,,
ENVOY TEX,2016,"4,753,778,825","3,858,788,036",1786356870,"554,244,624","1,327,900,307","353,462,829","4,024,174,209","14,213,489,075","4,540,480,471",894.99,0.02,0.89,0.59,135.28,51.71,123.88,207.46,23.377457,16,4,7.435407536,,,0.188269337,,,0.024868125,,
ENVOY TEX,2017,"6,078,738,108","4,994,609,392","2,643,632,850","640,424,536","2,155,076,681","319,791,736","5,289,365,792","16,060,338,648","6,226,512,501",1084.13,0.02,0.85,0.5,156.56,46.16,155.33,265.74,23.499619,16,5,5.260824374,8.227213421,,0.17834766,0.194955929,,0.019911892,0.034540999,
ETL,2014,"2,337,278,020","1,869,820,593","492,251,370","100,827,723","463,940,341","166,350,189","1,292,550,569","2,898,055,054","1,593,650,078",467.46,0.06,0.81,0.52,75.82,19.41,89.32,145.73,21.787306,17,1,7.117261514,,,0.20000078,,,0.057400631,,
ETL,2015,"1,517,655,259","1,121,189,659","639,830,436","80,267,390","463,521,241","106,236,088","1,284,075,244","3,281,511,417","1,321,084,457",396.47,0.03,0.97,0.62,151.77,25.77,148.83,274.83,21.91157,17,2,7.000014487,,,0.261235612,,,0.032374133,,
ETL,2016,"3,113,644,076","2,440,916,343","814,266,424","54,372,196","616,865,403","239,918,653","1,855,913,517","3,976,527,948","1,001,486,441",672.73,0.06,1.85,1.24,94.15,8.02,90.98,177.11,22.103675,17,3,7.705397507,,,0.216058007,,,0.060333702,,
ETL,2017,"2,326,845,444","1,813,125,036","784,025,882","9,184,437","615,344,914","185,614,034","1,769,281,455","4,178,438,229","1,263,835,153",513.72,0.04,1.4,0.91,121.3,1.82,122.18,241.66,22.153203,17,4,7.977067599,7.449935277,,0.220779773,0.224518543,,0.044421869,0.048632584,
FAMILY TEX,2013,"2,061,790,199","1,452,036,511","469,483,496","186,584,407","499,169,814","517,069,388","997,463,273","2,309,092,560","373,329,112",609.75,0.22,2.67,1.33,81.97,46.26,123.76,159.47,21.56012,18,1,25.07866165,,,0.295739929,,,0.223927528,,
FAMILY TEX,2014,"3,236,789,457","2,245,564,632","909,839,386","236,302,304","662,404,979","921,824,221","1,612,630,090","3,278,354,395","257,409,566",991.22,0.28,6.26,3.69,101.19,37.88,106.19,169.5,21.910607,18,2,28.4795855,,,0.306237041,,,0.281185043,,
FAMILY TEX,2015,"3,276,998,567","2,319,510,973","1,312,130,173","101,921,530","1,155,137,970","911,986,977","2,506,538,595","4,127,527,472","194,595,696",957.49,0.22,12.88,6.94,144.15,15.82,179.28,307.61,22.140944,18,3,27.82994738,,,0.292184319,,,0.22095237,,
FAMILY TEX,2016,"2,191,600,971","1,941,125,603","1,290,104,498","53,843,405","1,203,914,531","175,095,412","2,634,191,975","4,307,828,103","122,607,720",250.48,0.04,21.48,11.67,211.92,9.99,223.28,425.21,22.1837,18,4,7.989383757,,,0.114288765,,,0.040645868,,
FAMILY TEX,2017,"1,305,188,432","1,210,479,495","1,461,801,337","56,247,468","1,105,123,796","-14,057,257","2,704,461,671","4,325,092,003","153,928,876",94.71,0,17.57,10.39,403.2,16.73,328.67,715.14,22.187699,18,5,-1.07702893,17.66010987,,0.07256342,0.216202695,,-0.003250164,0.152692129,
FEKDIL,2013,"2,316,680,977","1,795,236,539","505,220,413","1,767,876","439,312,264","231,659,133","1,316,043,224","2,674,460,070","545,399,958",521.44,0.09,2.41,1.61,78.51,0.35,88.1,166.25,21.707013,19,1,9.999613037,,,0.22508254,,,0.086619028,,
FEKDIL,2014,"2,678,222,296","2,069,079,206","655,041,493","1,196,210","533,189,830","241,870,048","5,698,673,794","7,161,020,402","5,108,882,063",609.14,0.03,1.12,1.01,88.05,0.21,92.77,180.61,22.691918,19,2,9.03099225,,,0.227443066,,,0.033775919,,
FEKDIL,2015,"2,760,228,469","2,111,153,595","858,995,714","1,234,657","676,947,068","314,661,131","2,185,696,937","3,769,238,909","784,022,193",649.07,0.08,2.79,1.92,112.03,0.21,115.43,227.26,22.050139,19,3,11.39982195,,,0.23515259,,,0.083481344,,
FEKDIL,2016,"3,139,465,706","2,360,829,586","1,127,452,794","589,416,927","797,061,934","294,010,592","2,481,364,954","4,293,567,683","918,808,476",778.64,0.07,2.7,1.83,129.28,89.88,121.54,160.95,22.180384,19,4,9.364988171,,,0.248015488,,,0.06847699,,
FEKDIL,2017,"3,275,288,788","2,609,418,756","1,162,351,661","529,080,373","901,074,907","349,483,957","2,594,051,224","4,433,822,730","823,544,472",665.87,0.08,3.15,2.06,127.76,72.99,124.31,179.08,22.212528,19,5,10.67032496,10.09314807,,0.203301167,0.22779897,,0.078822267,0.07023511,
GENNEXT,2013,"1,679,542,170","1,081,377,007","504,355,503","18,843,850","554,719,980","282,130,815","1,293,849,778","3,991,519,216","1,215,099,553",598.17,0.07,1.06,0.61,108.11,6.27,184.67,286.5,22.107438,20,1,16.79807867,,,0.356147749,,,0.070682565,,
GENNEXT,2014,"2,139,590,735","1,468,113,087","622,040,778","14,142,541","600,972,010","363,586,330","1,456,331,847","4,438,157,004","1,396,279,037",671.48,0.08,1.04,0.61,104.66,3.47,147.37,248.56,22.213505,20,2,16.9932653,,,0.313834621,,,0.081922818,,
GENNEXT,2015,"2,605,271,479","1,877,220,456","790,442,582","13,475,912","759,643,226","497,770,969","2,317,951,416","5,413,592,890","810,526,813",728.05,0.09,2.86,1.92,109.22,2.58,145.68,252.32,22.412179,20,3,19.1062994,,,0.279453035,,,0.091948357,,
GENNEXT,2016,"3,000,352,440","2,549,708,191","873,199,626","34,953,782","1,069,563,556","162,116,624","2,454,693,432","6,048,390,717","1,007,659,313",450.64,0.03,2.44,1.37,104.77,4.94,151.01,250.85,22.523058,20,4,5.403252693,,,0.150197105,,,0.026803266,,
GENNEXT,2017,"3,279,614,648","2,637,141,557","883,439,410","36,825,901","1,041,071,140","241,713,994","2,399,357,831","6,397,342,988","835,821,951",642.47,0.04,2.87,1.63,96.97,5.03,142.12,234.07,22.579149,20,5,7.370194975,13.13421821,,0.195898958,0.259106294,,0.037783498,0.061828101,
HFL,2013,"2,120,482,277","1,486,805,020","1,123,658,135","384,810,360","320,297,346","234,622,467","1,883,099,202","3,678,333,472","1,460,262,907",633.68,0.06,1.29,1.07,190.77,93.17,77.55,175.15,22.025726,21,1,11.06458043,,,0.298836384,,,0.063784991,,
HFL,2014,"2,198,620,623","1,536,430,904","1,363,623,312","167,547,434","337,064,242","272,587,691","1,847,012,120","3,490,459,262","1,106,756,347",662.19,0.08,1.67,1.36,223.28,39.26,78.98,263,21.973299,21,2,12.39812308,,,0.301184166,,,0.078095079,,
HFL,2015,"1,782,564,422","1,318,795,208","1,272,879,885","113,002,254","409,352,180","135,565,073","2,287,938,665","4,382,502,412","742,372,665",463.77,0.03,3.08,2.53,257.07,30.85,111.74,337.96,22.200886,21,3,7.605058831,,,0.260169679,,,0.030933257,,
HFL,2016,"1,371,915,641","959,039,840","894,087,274","239,909,761","479,700,776","92,146,149","1,501,891,541","4,772,968,965","718,140,978",412.88,0.02,2.09,1.42,234.61,90.06,180.07,324.63,22.286234,21,4,6.716604596,,,0.300948388,,,0.019305835,,
HFL,2017,"1,322,686,460","913,820,496","756,967,099","197,447,414","500,088,695","72,057,481","1,398,042,498","4,852,252,495","863,419,700",408.87,0.01,1.62,1.04,206.03,77.78,197.01,325.25,22.302709,21,5,5.447812704,8.646435929,,0.309117827,0.294051289,,0.014850316,0.041393895,
HR TEX,2013,"1,666,657,584","1,380,186,640","531,494,230","510,663,063","125,824,453","52,663,657","807,232,633","1,203,178,262","771,932,204",286.47,0.04,1.05,0.88,114.8,133.2,32.82,14.42,20.908232,22,1,3.15983664,,,0.171883503,,,0.043770453,,
HR TEX,2014,"1,780,820,020","1,560,884,821","340,320,542",435986098,"207,252,615","58,309,783","744,736,781","1,233,793,993","729,874,096",219.94,0.05,1.02,0.74,68.8,100.56,47.8,16.04,20.93336,22,2,3.274322073,,,0.123502205,,,0.04726055,,
HR TEX,2015,"1,550,954,308","1,368,282,941","200,993,885",657765900,"254,065,709","49,974,020","767,005,114","1,273,244,137","710,828,647",182.67,0.04,1.08,0.72,46.65,173.06,66.85,-59.56,20.964834,22,3,3.222146503,,,0.11777998,,,0.039249362,,
HR TEX,2016,"1,136,209,497","970,976,267","441,549,311","570,393,047","268,897,227","31,631,567","919,542,059","1,541,977,392","919,722,235",165.23,0.02,1,0.71,139.9,211.48,99.7,28.12,21.156331,22,4,2.783955519,,,0.145424968,,,0.020513639,,
HR TEX,2017,"1,658,245,382","1,417,026,861","308,746,156","588,826,909","318,011,364","36,286,448","853,304,298","1,508,259,814","890,659,733",241.22,0.02,0.96,0.6,67.03,149.59,80.79,-1.77,21.134222,22,5,2.188243573,2.925700862,,0.14546612,0.140811355,,0.024058486,0.034970498,
HWA WELL TEX,2013,"1,795,238,748","1,548,297,852","485,005,344","139,496,918","238,996,678","128,017,162","771,443,566","1,269,475,958","204,593,319",246.94,0.1,3.77,2.6,97.26,32.43,55.57,120.39,20.96187,23,1,7.130926855,,,0.137553234,,,0.100842526,,
HWA WELL TEX,2014,"1,936,777,486","1,669,519,999","530,979,850","145,634,059","336,892,611","157,912,155","1,204,442,031","1,681,185,335","250,129,791",267.26,0.09,4.82,3.47,98.7,31.4,72.64,139.94,21.242765,23,2,8.153345242,,,0.137990806,,,0.093929058,,
HWA WELL TEX,2015,"1,337,888,116","1,152,524,937","425,231,852","144,443,467","165,296,955","116,605,088","1,154,676,414","1,704,781,141","240,820,473",185.36,0.07,4.79,4.11,114.42,45.12,51.63,120.94,21.256703,23,3,8.715608324,,,0.138549089,,,0.068398861,,
HWA WELL TEX,2016,"1,269,701,080","1,094,268,996","506,187,551","179,728,752","120,441,809","112,888,195","1,079,019,650","1,891,870,883","279,397,291",175.43,0.06,3.86,3.43,143.52,59.13,39.62,124.02,21.360832,23,4,8.89092691,,,0.13816802,,,0.059670137,,
HWA WELL TEX,2017,"1,210,369,320","1,043,226,767","445,979,300","132,635,318","30,036,470","117,835,747","1,082,712,977","1,847,533,996","198,535,325",167.14,0.06,5.45,5.3,132.65,45.77,10.37,97.24,21.337118,23,5,9.735519982,8.525265463,,0.138092192,0.138070668,,0.063780016,0.077324119,
MAKSON SPIN,2013,"1,604,903,981","1,221,123,105","1,133,799,654","76,831,745","1,193,124,413","148,989,633","4,397,492,257","6,552,014,808","2,169,485,852",383.78,0.02,2.03,1.48,254.33,22.65,351.75,583.42,22.603038,24,1,9.283398556,,,0.239130117,,,0.022739514,,
MAKSON SPIN,2014,"1,894,869,606","1,420,967,225","1,159,153,629","30,807,078","1,337,868,346","157,989,442","4,306,558,575","6,715,416,267","2,247,359,960",473.9,0.02,1.92,1.32,220.22,7.8,338.95,551.37,22.627672,24,2,8.337747437,,,0.250097621,,,0.023526381,,
MAKSON SPIN,2015,"1,642,241,303","1,242,286,626","1,129,620,215","11,105,640","1,372,543,884","62,579,781","3,050,150,897","7,247,802,888","1,625,423,967",399.95,0.01,1.88,1.03,247.63,3.22,397.75,642.16,22.703964,24,3,3.810632511,,,0.243541967,,,0.008634311,,
MAKSON SPIN,2016,"2,048,384,544","1,673,163,560","1,543,601,312","11,465,837","1,585,590,666","88,460,493","3,757,993,418","8,291,567,036","2,515,186,999",375.22,0.01,1.49,0.86,271.29,2.47,341.16,609.98,22.838505,24,4,4.318549135,,,0.183178976,,,0.01066873,,
MAKSON SPIN,2017,"4,074,750,862","3,367,090,966","1,933,178,461","13,269,978","1,676,050,945","74,288,894","4,257,036,320","8,901,935,812","2,858,583,152",707.66,0.01,1.49,0.9,170.79,1.42,179.2,348.57,22.909535,24,5,1.823151808,5.514695889,,0.173669488,0.217923634,,0.008345252,0.014782838,
MALEKSPIN,2013,"7,737,869,878","6,566,163,598","3,273,459,578","887,016,882","2,997,282,138","549,181,846","6,847,016,089","15,477,399,087","4,855,125,924",1171.71,0.04,1.41,0.79,152.3,48.63,164.33,267.99,23.462647,25,1,7.097325939,,,0.151424914,,,0.035482825,,
MALEKSPIN,2014,"8,239,372,911","7,227,818,707","2,804,027,102","887,016,882","3,375,478,913","454,044,681","7,008,235,815","15,406,729,857","4,914,550,993",1011.55,0.03,1.43,0.74,122.52,44.18,168.12,246.46,23.45807,25,2,5.510670362,,,0.122770776,,,0.029470542,,
MALEKSPIN,2015,"8,297,896,015","7,396,018,441","2,861,288,832","887,016,882","3,219,844,567","397,753,467","6,949,968,530","15,374,431,097","4,129,060,291",901.88,0.03,1.68,0.9,124.14,43.18,156.73,237.69,23.455972,25,3,4.793425542,,,0.1086875,,,0.025871101,,
MALEKSPIN,2016,"9,779,925,200","8,800,381,234","2,990,668,997","847,464,770","3,674,958,784","296,039,379","7,572,897,695","15,872,579,999","5,029,770,587",979.54,0.02,1.51,0.77,110.09,34.67,150.33,225.75,23.487859,25,4,3.027010667,,,0.100158636,,,0.018650993,,
MALEKSPIN,2017,"9,774,991,342","8,856,775,340","2,582,346,695","919,923,177","3,202,773,360","204,025,858","6,970,305,344","15,458,507,758","4,900,092,073",918.22,0.01,1.42,0.77,95.1,37.39,130.18,187.9,23.461425,25,5,2.087222902,4.503131082,,0.093935224,0.11539541,,0.013198289,0.02453475,
MATIN SPIN,2013,"2,395,782,610","1,929,142,051","501,278,510","108,722,878","510,087,596","251,825,222","1,878,451,969","3,844,552,775","1,279,325,902",466.64,0.07,1.47,1.07,75.32,20.29,95.19,150.22,22.069923,26,1,10.51118833,,,0.194775835,,,0.065501825,,
MATIN SPIN,2014,"2,334,384,001","1,880,133,607","151,131,395","161,287,513","395,214,339","317,474,987","2,944,204,397","4,958,696,043","788,923,863",454.25,0.06,3.73,3.23,23.31,30.88,75.67,68.1,22.324409,26,2,13.599947,,,0.194591119,,,0.064023885,,
MATIN SPIN,2015,"2,029,007,454","1,632,998,934","197,132,598","173,452,887","294,334,139","415,930,642","3,040,375,762","5,718,248,038","1,449,610,707",396.01,0.07,2.1,1.89,34.98,38.24,64.89,61.63,22.466928,26,3,20.49921705,,,0.195173517,,,0.072737426,,
MATIN SPIN,2016,"2,005,184,987","1,630,537,415","213,010,407","97,128,165","504,040,074","294,475,299","1,778,543,291","6,092,055,524","1,213,925,838",374.65,0.05,1.47,1.05,38.24,21.44,111.29,128.08,22.530251,26,4,14.68569239,,,0.186839406,,,0.048337593,,
MATIN SPIN,2017,"3,001,195,559","2,553,849,138","749,144,849","120,497,736","1,035,416,638","261,333,228","2,618,794,908","7,076,727,570","2,262,387,340",447.35,0.04,1.16,0.7,89.86,16.99,145.96,218.83,22.680077,26,5,8.707637435,13.60073644,,0.149056072,0.18408719,,0.036928542,0.057505854,
METROSPIN,2013,"849,573,092","616,373,268","422,420,582","23,208,129","522,193,114","32,341,075","1,052,857,528","2,055,322,237","996,591,297",233.2,0.02,1.06,0.53,179,13.55,304.99,470.44,21.443698,27,1,3.80674427,,,0.274490596,,,0.015735282,,
METROSPIN,2014,"923,490,138","678,610,729","389,058,285","35,332,711","502,764,817","48,594,637","1,053,457,762","2,052,032,622","958,629,002",244.88,0.02,1.1,0.57,151.66,18.74,266.71,399.64,21.442097,27,2,5.262063448,,,0.265167324,,,0.023681221,,
METROSPIN,2015,"774,463,983","578,360,959","424,300,038","19,818,160","514,599,628","21,850,319","1,014,033,065","1,944,430,901","886,621,805",196.1,0.01,1.14,0.56,197.23,12.34,320.31,505.21,21.388235,27,3,2.821347342,,,0.25321129,,,0.011237385,,
METROSPIN,2016,"809,245,562","634,237,582","478,081,413","11,496,542","441,611,938","11,035,436","1,084,432,592","1,978,690,115","964,333,847",175.01,0.01,1.12,0.67,212.68,6.53,250.66,456.82,21.405701,27,4,1.363669635,,,0.216260661,,,0.005577142,,
METROSPIN,2017,"818,904,314","719,668,182","499,025,059","13,870,099","452,282,341","-38,726,058","1,153,145,880","2,098,806,013","1,086,908,172",99.24,-0.02,1.06,0.64,219.38,6.94,226.25,438.68,21.464634,27,5,-4.729008913,1.704963156,,0.121181596,0.226062293,,-0.018451471,0.007555912,
MHSML,2013,"390,042,096","290,395,556","90,374,070","15,087,496","250,827,813","27,587,073","602,327,542","1,276,144,675","314,046,112",99.65,0.02,1.92,1.12,83.41,18.7,310.95,375.66,20.967109,28,1,7.07284503,,,0.255476373,,,0.021617512,,
MHSML,2014,"982,322,640","741,703,624","383,100,847","15,087,496","305,591,342","132,898,391","806,469,915","1,441,252,468","287,835,612",240.62,0.09,2.8,1.74,140.4,7.32,148.32,281.4,21.088778,28,2,13.52899603,,,0.244949069,,,0.092210348,,
MHSML,2015,"1,134,470,479","856,214,279","437,215,251","15,087,496","326,136,767","175,948,274","927,335,956","1,638,919,752","261,751,388",278.26,0.11,3.54,2.3,138.74,6.34,137.13,269.52,21.217303,28,3,15.50928625,,,0.245274077,,,0.107356247,,
MHSML,2016,"1,061,069,970","809,639,719","525,093,162","18,550,199","312,681,632","154,373,254","1,006,291,727","1,750,479,350","244,943,224",251.43,0.09,4.11,2.83,178.15,8.25,139.03,308.94,21.283156,28,4,14.54882886,,,0.236959162,,,0.088189132,,
MHSML,2017,"1,147,562,431","903,289,890","639,652,959","5,620,029","300,687,974","150,934,445","1,135,828,131","1,877,306,244","243,366,172",244.27,0.08,4.67,3.43,200.66,2.24,119.84,318.26,21.353104,28,5,13.15261296,12.76251383,,0.212862093,0.239104155,,0.08039948,0.077954544,
NURANI,2016,"1,044,564,564","836,314,419","391,968,937","180,377,230","448,952,933","57,199,897","1,049,577,695","1,721,757,374","727,118,993",208.25,0.03,1.44,0.83,135.09,77.65,193.26,250.7,21.266611,29,1,5.475956104,,,0.199365508,,,0.03322181,,
NURANI,2017,"1,109,771,276","888,606,722","364,470,247","171,475,786","450,853,211","53,914,987","1,298,432,533","1,961,603,189","625,567,575",221.16,0.03,2.08,1.35,118.23,69.47,182.65,231.41,21.397028,29,2,4.858207107,5.167081605,,0.199288411,0.199326959,,0.027485165,0.030353488,
PDL,2014,"2,337,278,020","1,869,820,593","492,251,370","100,827,723","463,940,341","166,350,189","1,292,550,569","2,898,055,054","1,593,650,078",467.46,0.06,0.81,0.52,75.82,19.41,89.32,145.73,21.787306,30,1,7.117261514,,,0.20000078,,,0.057400631,,
PDL,2015,"1,517,655,259","1,121,189,659","639,830,436","80,267,390","463,521,241","106,236,088","1,284,075,244","3,281,511,417","1,321,084,457",396.47,0.03,0.97,0.62,151.77,25.77,148.83,274.83,21.91157,30,2,7.000014487,,,0.261235612,,,0.032374133,,
PDL,2016,"1,731,557,294","1,455,706,373","533,581,738","15,978,278","426,647,928","101,804,706","1,272,070,494","2,129,508,132","319,511,575",275.85,0.05,3.98,2.65,110.93,3.95,105.51,212.49,21.479157,30,3,5.879372652,,,0.159307995,,,0.047806676,,
PDL,2017,"1,900,357,135","1,569,930,792","609,738,876","11,201,200","488,217,070","134,168,394","1,905,146,777","2,990,819,716","364,458,978",330.43,0.04,5.23,3.89,115.51,2.57,111.95,224.89,21.818813,30,4,7.060167351,6.764204001,,0.173875919,0.198605076,,0.044860074,0.045610379,
PTL,2013,"2,972,663,954","2,353,972,712","1,237,396,206","745,186,122","968,402,594","180,353,430","2,339,327,731","3,933,145,530","2,395,670,665",618.69,0.05,0.98,0.57,149.85,113.96,148.1,183.99,22.092705,31,1,6.067064182,,,0.208126869,,,0.045854756,,
PTL,2014,"2,893,056,085","2,284,206,981","883,613,950","314,213,626","1,098,404,120","186,967,718","2,073,701,953","3,631,634,900","1,394,486,383",608.85,0.05,1.49,0.7,109.95,49.52,173.11,233.54,22.012949,31,2,6.462637174,,,0.210451884,,,0.051483071,,
PTL,2015,"2,935,282,617","2,352,555,145","871,933,026","195,109,953","986,901,537","193,993,676","2,195,207,780","4,100,596,502","1,724,802,408",582.73,0.05,1.27,0.7,106.94,29.86,151.02,228.1,22.134398,31,3,6.609028885,,,0.198525167,,,0.047308648,,
PTL,2016,"3,018,249,952","2,504,280,754","1,053,840,427","477,533,596","1,321,912,266","201,691,086","2,891,823,968","4,819,301,046","2,221,778,944",513.97,0.04,1.3,0.71,125.7,68.65,190.03,247.08,22.295895,31,4,6.682385131,,,0.170287155,,,0.041850692,,
PTL,2017,"3,351,654,004","2,787,961,443","1,078,085,282","560,377,784","1,516,133,364","224,930,662","3,250,820,298","5,652,998,239","2,937,731,036",563.69,0.04,1.11,0.59,115.8,72.36,195.77,239.21,22.455452,31,5,6.711034663,6.506430007,,0.168183399,0.191114895,,0.039789622,0.045257358,
REGENTTEX,2014,"1,348,903,633","1,067,220,000","484,203,881","494,743,158","278,907,306","133,270,105","1,069,878,594","2,708,810,005","748,947,792",281.68,0.05,1.43,1.06,129.23,166.89,94.08,56.42,21.719775,32,1,9.879883317,,,0.208824134,,,0.049198764,,
REGENTTEX,2015,"1,722,567,233","1,332,765,258","694,508,498","612,803,590","494,358,764","174,906,173","1,603,938,362","3,375,417,382","1,310,678,825",389.8,0.05,1.22,0.85,145.15,165.53,133.53,113.15,21.939785,32,2,10.1538082,,,0.226291298,,,0.051817643,,
REGENTTEX,2016,"2,004,431,936","1,535,535,039","549,312,830","360,772,743","388,610,546","212,460,870","2,767,536,763","4,655,132,312","1,031,074,937",468.9,0.05,2.68,2.31,98.66,84.58,91.11,105.18,22.261236,32,3,10.59955522,,,0.233930067,,,0.045640136,,
REGENTTEX,2017,"1,058,204,192","840,578,244","604,008,844",0,"399,684,058","137,000,682","3,211,296,858","5,433,835,547","1,099,734,601",217.63,0.03,2.92,2.56,205.48,0,171.18,376.66,22.415911,32,4,12.94652611,10.89494321,,0.205655912,0.218675353,,0.025212519,0.042967265,
TUNGHAI,2014,"997,743,832","798,343,097","344,013,906","23,546,616","401,567,544","147,566,658","785,357,142","1,348,015,240","599,391,156",199.4,0.11,1.31,0.64,124.13,10.62,181.08,294.59,21.021899,33,1,14.7900346,,,0.199851634,,,0.109469577,,
TUNGHAI,2015,"1,015,452,967","815,128,504","449,753,506","20,945,838","457,359,059","62,644,321","935,021,648","1,510,004,451","661,324,923",200.32,0.04,1.41,0.72,159.45,9.25,201.99,352.19,21.135378,33,2,6.169101183,,,0.197275964,,,0.041486183,,
TUNGHAI,2016,"1,078,749,342","861,718,405","499,480,254","134,053,742","470,881,989","88,300,997","1,171,331,529","1,842,538,648","522,307,068",217.03,0.05,2.24,1.34,166.69,56,196.72,307.4,21.33441,33,3,8.185497183,,,0.20118755,,,0.047923552,,
TUNGHAI,2017,"1,654,208,864","1,330,118,692",0,"3,062,382","507,375,760","160,901,884","1,264,883,988","1,975,490,675","526,494,989",324.09,0.08,2.4,1.44,0,0.83,137.32,136.49,21.404083,33,4,9.726817907,9.717862719,,0.195918532,0.19855842,,0.081449073,0.070082096,
